location_id,day_of_week,dela_prost_dan,RR,SS,TG,month,pretocnost_7d,pretocnost_3d
0,2,True,0.0,73.0,197.0,6,124.0,56.333333333333336
1,2,True,0.0,73.0,197.0,6,172.57142857142858,201.0
2,2,True,0.0,73.0,197.0,6,80.28571428571429,43.333333333333336
3,2,True,0.0,73.0,197.0,6,13.0,8.333333333333334
